HDI_rank,Country,HDI_score,Life_Expectancy_at_Birth,Expected_Years_of_Education,Mean_Years_of_Education,GNI_per_capita,GNI_per_Capita_Rank_Minus_HDI_Rank
1,Norway,0.94,81.6,17.5,12.6,64992,5
2,Australia,0.94,82.4,20.2,13,42261,17
3,Switzerland,0.93,83,15.8,12.8,56431,6
4,Denmark,0.92,80.2,18.7,12.7,44025,11
5,Netherlands,0.92,81.6,17.9,11.9,45435,9
6,Germany,0.92,80.9,16.5,13.1,43919,11
6,Ireland,0.92,80.9,18.6,12.2,39568,16
8,United States,0.92,79.1,16.5,12.9,52947,3
9,Canada,0.91,82,15.9,13,42155,11
9,New Zealand,0.91,81.8,19.2,12.5,32689,23
11,Singapore,0.91,83,15.4,10.6,76628,-7
12,"Hong Kong, China (SAR)",0.91,84,15.6,11.2,53959,-2
13,Liechtenstein,0.91,80,15,11.8,79851,-10
14,Sweden,0.91,82.2,15.8,12.1,45636,-1
14,United Kingdom,0.91,80.7,16.2,13.1,39267,9
16,Iceland,0.9,82.6,19,10.6,35182,12
17,South Korea,0.9,81.9,16.9,11.9,33890,13
18,Israel,0.89,82.4,16,12.5,30676,16
19,Luxembourg,0.89,81.7,13.9,11.7,58711,-11
20,Japan,0.89,83.5,15.3,11.5,36927,7
21,Belgium,0.89,80.8,16.3,11.3,41187,0
22,France,0.89,82.2,16,11.1,38056,4
23,Austria,0.89,81.4,15.7,10.8,43869,-5
24,Finland,0.88,80.8,17.1,10.3,38695,0
25,Slovenia,0.88,80.4,16.8,11.9,27852,12
26,Spain,0.88,82.6,17.3,9.6,32045,7
27,Italy,0.87,83.1,16,10.1,33030,4
28,Czech Republic,0.87,78.6,16.4,12.3,26660,10
29,Greece,0.87,80.9,17.6,10.3,24524,14
30,Estonia,0.86,76.8,16.5,12.5,25214,12
31,Brunei Darussalam,0.86,78.8,14.5,8.8,72570,-26
32,Cyprus,0.85,80.2,14,11.6,28633,3
32,Qatar,0.85,78.2,13.8,9.1,123124,-31
34,Andorra,0.85,81.3,13.5,9.6,43978,-18
35,Slovakia,0.84,76.3,15.1,12.2,25845,5
36,Poland,0.84,77.4,15.5,11.8,23177,10
37,Lithuania,0.84,73.3,16.4,12.4,24500,7
37,Malta,0.84,80.6,14.4,10.3,27930,-1
39,Saudi Arabia,0.84,74.3,16.3,8.7,52821,-27
40,Argentina,0.84,76.3,17.9,9.8,22050,11
41,United Arab Emirates,0.84,77,13.3,9.5,60868,-34
42,Chile,0.83,81.7,15.2,9.8,21290,11
43,Portugal,0.83,80.9,16.3,8.2,25757,-2
44,Hungary,0.83,75.2,15.4,11.6,22916,3
45,Bahrain,0.82,76.6,14.4,9.4,38599,-20
46,Latvia,0.82,74.2,15.2,11.5,22281,4
47,Croatia,0.82,77.3,14.8,11,19409,11
48,Kuwait,0.82,74.4,14.7,7.2,83961,-46
49,Montenegro,0.8,76.2,15.2,11.2,14558,27
50,Belarus,0.8,71.3,15.7,12,16676,14
50,Russian Federation,0.8,70.1,14.7,12,22352,-1
52,Oman,0.79,76.8,13.6,8,34858,-23
52,Romania,0.79,74.7,14.2,10.8,18108,10
52,Uruguay,0.79,77.2,15.5,8.5,19283,7
55,Bahamas,0.79,75.4,12.6,10.9,21336,-3
56,Kazakhstan,0.79,69.4,15,11.4,20867,-1
57,Barbados,0.79,75.6,15.4,10.5,12488,27
58,Antigua and Barbuda,0.78,76.1,14,9.2,20070,-1
59,Bulgaria,0.78,74.2,14.4,10.6,15596,13
60,Palau,0.78,72.7,13.7,12.3,13496,18
60,Panama,0.78,77.6,13.3,9.3,18192,1
62,Malaysia,0.78,74.7,12.7,10,22762,-14
63,Mauritius,0.78,74.4,15.6,8.5,17470,0
64,Seychelles,0.77,73.1,13.4,9.4,23300,-19
64,Trinidad and Tobago,0.77,70.4,12.3,10.9,26090,-25
66,Republic of Serbia,0.77,74.9,14.4,10.5,12190,20
67,Cuba,0.77,79.4,13.8,11.5,7301,47
67,Lebanon,0.77,79.3,13.8,7.9,16509,-1
69,Costa Rica,0.77,79.4,13.9,8.4,13413,10
69,Iran,0.77,75.4,15.1,8.2,15440,4
71,Venezuela,0.76,74.2,14.2,8.9,16159,-2
72,Turkey,0.76,75.3,14.5,7.6,18677,-12
73,Sri Lanka,0.76,74.9,13.7,10.8,9779,29
74,Mexico,0.76,76.8,13.1,8.5,16056,-4
75,Brazil,0.76,74.5,15.2,7.7,15175,-1
76,Georgia,0.75,74.9,13.8,12.1,7164,40
77,Saint Kitts and Nevis,0.75,73.8,12.9,8.4,20805,-21
78,Azerbaijan,0.75,70.8,11.9,11.2,16428,-11
79,Grenada,0.75,73.4,15.8,8.6,10939,14
80,Jordan,0.75,74,13.5,9.9,11365,11
81,Macedonia,0.75,75.4,13.4,9.3,11780,9
81,Ukraine,0.75,71,15.1,11.3,8178,25
83,Algeria,0.74,74.8,14,7.6,13054,-1
84,Peru,0.73,74.6,13.1,9,11015,8
85,Albania,0.73,77.8,11.8,9.3,9943,14
85,Armenia,0.73,74.7,12.3,10.9,8124,22
85,Bosnia and Herzegovina,0.73,76.5,13.6,8.3,9638,19
88,Ecuador,0.73,75.9,14.2,7.6,10605,7
89,Saint Lucia,0.73,75.1,12.6,9.3,9765,14
90,China,0.73,75.8,13.1,7.5,12547,-7
90,Fiji,0.73,70,15.7,9.9,7493,21
90,Mongolia,0.73,69.4,14.6,9.3,10729,4
93,Thailand,0.73,74.4,13.5,7.3,13323,-13
94,Dominica,0.72,77.8,12.7,7.9,9994,4
94,Libya,0.72,71.6,14,7.3,14911,-19
96,Tunisia,0.72,74.8,14.6,6.8,10404,1
97,Colombia,0.72,74,13.5,7.3,12040,-9
97,Saint Vincent and the Grenadines,0.72,72.9,13.4,8.6,9937,3
99,Jamaica,0.72,75.7,12.4,9.7,7415,13
100,Tonga,0.72,72.8,14.7,10.7,5069,32
101,Belize,0.72,70,13.6,10.5,7614,9
101,Dominican Republic,0.72,73.5,13.1,7.6,11883,-12
103,Suriname,0.71,71.1,12.7,7.7,15617,-32
104,Maldives,0.71,76.8,13,5.8,12328,-19
105,Samoa,0.7,73.4,12.9,10.3,5327,24
106,Botswana,0.7,64.5,12.5,8.9,16646,-41
107,Moldova (Republic of),0.69,71.6,11.9,11.2,5223,23
108,Egypt,0.69,71.1,13.5,6.6,10512,-12
109,Turkmenistan,0.69,65.6,10.8,9.9,13066,-28
110,Gabon,0.68,64.4,12.5,7.8,16367,-42
110,Indonesia,0.68,68.9,13,7.6,9788,-9
112,Paraguay,0.68,72.9,11.9,7.7,7643,-3
113,"Palestine, State of",0.68,72.9,13,8.9,4699,21
114,Uzbekistan,0.68,68.4,11.5,10.9,5567,10
115,Philippines,0.67,68.2,11.3,8.9,7915,-7
116,El Salvador,0.67,73,12.3,6.5,7349,-3
116,South Africa,0.67,57.4,13.6,9.9,12122,-29
116,Viet Nam,0.67,75.8,11.9,7.5,5092,15
119,Bolivia,0.66,68.3,13.2,8.2,5760,4
120,Kyrgyzstan,0.66,70.6,12.5,10.6,3044,29
121,Iraq,0.65,69.4,10.1,6.4,14003,-44
122,Cabo Verde,0.65,73.3,13.5,4.7,6094,-1
123,Micronesia (Federated States of),0.64,69.1,11.7,9.7,3432,21
124,Guyana,0.64,66.4,10.3,8.5,6522,-4
125,Nicaragua,0.63,74.9,11.5,6,4457,12
126,Morocco,0.63,74,11.6,4.4,6850,-8
126,Namibia,0.63,64.8,11.3,6.2,9418,-21
128,Guatemala,0.63,71.8,10.7,5.6,6929,-11
129,Tajikistan,0.62,69.4,11.2,10.4,2517,27
130,India,0.61,68,11.7,5.4,5497,-4
131,Honduras,0.61,73.1,11.1,5.5,3938,7
132,Bhutan,0.61,69.5,12.6,3,7176,-17
133,Timor-Leste,0.6,68.2,11.7,4.4,5363,-6
134,Syria,0.59,69.6,12.3,6.3,2728,21
134,Vanuatu,0.59,71.9,10.6,6.8,2803,19
136,Republic of the Congo,0.59,62.3,11.1,6.1,6012,-14
137,Kiribati,0.59,66,12.3,7.8,2434,21
138,Equatorial Guinea,0.59,57.6,9,5.5,21056,-84
139,Zambia,0.59,60.1,13.5,6.6,3734,2
140,Ghana,0.58,61.4,11.5,7,3852,-1
141,Lao People's Democratic Republic,0.58,66.2,10.6,5,4680,-6
142,Bangladesh,0.57,71.6,10,5.1,3191,5
143,Cambodia,0.56,68.4,10.9,4.4,2949,7
143,Sao Tome and Principe,0.56,66.5,11.3,4.7,2918,8
145,Kenya,0.55,61.6,11,6.3,2762,9
145,Nepal,0.55,69.6,12.4,3.3,2311,16
147,Pakistan,0.54,66.2,7.8,4.7,4866,-14
148,Myanmar,0.54,65.9,8.6,4.1,4608,-12
149,Angola,0.53,52.3,11.4,4.7,6822,-30
150,Swaziland,0.53,49,11.3,7.1,5542,-25
151,United Republic of Tanzania,0.52,65,9.2,5.1,2411,8
152,Nigeria,0.51,52.8,9,5.9,5341,-24
153,Cameroon,0.51,55.5,10.4,6,2803,-1
154,Madagascar,0.51,65.1,10.3,6,1328,24
155,Zimbabwe,0.51,57.5,10.9,7.3,1615,13
156,Mauritania,0.51,63.1,8.5,3.8,3560,-14
156,Solomon Islands,0.51,67.9,9.2,5,1540,16
158,Papua New Guinea,0.51,62.6,9.9,4,2463,-1
159,Comoros,0.5,63.3,11.5,4.6,1456,16
160,Yemen,0.5,63.8,9.2,2.6,3519,-17
161,Lesotho,0.5,49.8,11.1,5.9,3306,-16
162,Togo,0.48,59.7,12.2,4.5,1228,17
163,Haiti,0.48,62.8,8.7,4.9,1669,4
163,Rwanda,0.48,64.2,10.3,3.7,1458,11
163,Uganda,0.48,58.5,9.8,5.4,1613,6
166,Benin,0.48,59.6,11.1,3.3,1767,0
167,Sudan,0.48,63.5,7,3.1,3809,-27
168,Djibouti,0.47,62,6.4,3.8,3276,-22
169,South Sudan,0.47,55.7,7.6,5.4,2332,-9
170,Senegal,0.47,66.5,7.9,2.5,2188,-8
171,Afghanistan,0.47,60.4,9.3,3.2,1885,-7
172,CÃ´te d'Ivoire,0.46,51.5,8.9,4.3,3171,-24
173,Malawi,0.45,62.8,10.8,4.3,747,13
174,Ethiopia,0.44,64.1,8.5,2.4,1428,2
175,Gambia,0.44,60.2,8.8,2.8,1507,-2
176,Democratic Republic of the Congo,0.43,58.7,9.8,6,680,11
177,Liberia,0.43,60.9,9.5,4.1,805,7
178,Guinea Bissau,0.42,55.2,9,2.8,1362,-1
179,Mali,0.42,58,8.4,2,1583,-8
180,Mozambique,0.42,55.1,9.3,3.2,1123,1
181,Sierra Leone,0.41,50.9,8.6,3.1,1780,-16
182,Guinea,0.41,58.8,8.7,2.4,1096,0
183,Burkina Faso,0.4,58.7,7.8,1.4,1591,-13
184,Burundi,0.4,56.7,10.1,2.7,758,1
185,Chad,0.39,51.6,7.4,1.9,2085,-22
186,Eritrea,0.39,63.7,4.1,3.9,1130,-6
187,Central African Republic,0.35,50.7,7.2,4.2,581,1
188,Niger,0.35,61.4,5.4,1.5,908,-5